prob_success,projected_users
0.953190,30000
0.213535,12000
0.992488,50000
